city,county_name,state,crime_report_year,strata_level_name_code,criminals_population,all_population,crime_rate,2000_price_avg,2001_price_avg,2002_price_avg,2003_price_avg,2004_price_avg,2005_price_avg,2006_price_avg,2007_price_avg,2008_price_avg,2009_price_avg,2010_price_avg,2011_price_avg,2012_price_avg,2013_price_avg,price_avg_this_year
Oakland,Alameda,CA,2000,5,9503,1443741,6.582205534,254284,0,0,0,0,0,0,0,0,0,0,0,0,0,254284
Oakland,Alameda,CA,2001,5,9422,1470572,6.407030734,0,317862,0,0,0,0,0,0,0,0,0,0,0,0,317862
Oakland,Alameda,CA,2002,5,9666,1496782,6.45785425,0,0,356466,0,0,0,0,0,0,0,0,0,0,0,356466
Oakland,Alameda,CA,2003,5,10104,1487757,6.791431665,0,0,0,396537,0,0,0,0,0,0,0,0,0,0,396537
Oakland,Alameda,CA,2004,5,9114,1477884,6.166925144,0,0,0,0,453641,0,0,0,0,0,0,0,0,0,453641
Oakland,Alameda,CA,2005,5,9749,1464898,6.655070865,0,0,0,0,0,543074,0,0,0,0,0,0,0,0,543074
Oakland,Alameda,CA,2006,5,12412,1461954,8.49000721,0,0,0,0,0,0,581808,0,0,0,0,0,0,0,581808
Oakland,Alameda,CA,2007,5,12537,1447205,8.662905393,0,0,0,0,0,0,0,562511,0,0,0,0,0,0,562511
Oakland,Alameda,CA,2008,5,12778,1458725,8.759704536,0,0,0,0,0,0,0,0,483323,0,0,0,0,0,483323
Oakland,Alameda,CA,2009,5,11189,1471974,7.601357089,0,0,0,0,0,0,0,0,0,381228,0,0,0,0,381228
Oakland,Alameda,CA,2010,5,10468,1510271,6.931206386,0,0,0,0,0,0,0,0,0,0,377029,0,0,0,377029
Oakland,Alameda,CA,2011,5,10785,1528026,7.058125974,0,0,0,0,0,0,0,0,0,0,0,339498,0,0,339498
Oakland,Alameda,CA,2012,5,11900,1544062,7.70694441,0,0,0,0,0,0,0,0,0,0,0,0,330686,0,330686
Oakland,Alameda,CA,2013,5,11739,1570821,7.473162124,0,0,0,0,0,0,0,0,0,0,0,0,0,417335,417335
Markleeville,Alpine,CA,2012,5,8,1112,7.194244604,0,0,0,0,0,0,0,0,0,0,0,0,200852,0,200852
Markleeville,Alpine,CA,2013,5,6,1121,5.352363961,0,0,0,0,0,0,0,0,0,0,0,0,0,249032,249032
Pioneer,Amador,CA,2000,5,179,34120,5.246189918,163095,0,0,0,0,0,0,0,0,0,0,0,0,0,163095
Pioneer,Amador,CA,2001,5,141,35752,3.94383531,0,147682,0,0,0,0,0,0,0,0,0,0,0,0,147682
Pioneer,Amador,CA,2002,5,146,36389,4.012201489,0,0,159259,0,0,0,0,0,0,0,0,0,0,0,159259
Pioneer,Amador,CA,2003,5,117,37042,3.158576751,0,0,0,181981,0,0,0,0,0,0,0,0,0,0,181981
Pioneer,Amador,CA,2004,5,121,37703,3.20929369,0,0,0,0,226389,0,0,0,0,0,0,0,0,0,226389
Pioneer,Amador,CA,2005,5,140,38088,3.675698383,0,0,0,0,0,276622,0,0,0,0,0,0,0,0,276622
Pioneer,Amador,CA,2006,5,131,38817,3.374810006,0,0,0,0,0,0,303964,0,0,0,0,0,0,0,303964
Pioneer,Amador,CA,2007,5,154,39205,3.928070399,0,0,0,0,0,0,0,284529,0,0,0,0,0,0,284529
Pioneer,Amador,CA,2008,5,127,38948,3.260757934,0,0,0,0,0,0,0,0,238069,0,0,0,0,0,238069
Pioneer,Amador,CA,2009,5,107,38462,2.781966616,0,0,0,0,0,0,0,0,0,202013,0,0,0,0,202013
Pioneer,Amador,CA,2010,5,110,38091,2.88782127,0,0,0,0,0,0,0,0,0,0,189703,0,0,0,189703
Pioneer,Amador,CA,2011,5,98,38539,2.542878642,0,0,0,0,0,0,0,0,0,0,0,179934,0,0,179934
Pioneer,Amador,CA,2012,5,130,38305,3.393812818,0,0,0,0,0,0,0,0,0,0,0,0,182760,0,182760
Pioneer,Amador,CA,2013,5,100,36824,2.715620248,0,0,0,0,0,0,0,0,0,0,0,0,0,206518,206518
Chico,Butte,CA,2000,5,699,203171,3.440451639,282743,0,0,0,0,0,0,0,0,0,0,0,0,0,282743
Chico,Butte,CA,2001,5,629,206947,3.039425553,0,160917,0,0,0,0,0,0,0,0,0,0,0,0,160917
Chico,Butte,CA,2002,5,541,210636,2.568411857,0,0,180758,0,0,0,0,0,0,0,0,0,0,0,180758
Chico,Butte,CA,2003,5,696,211398,3.292367951,0,0,0,216953,0,0,0,0,0,0,0,0,0,0,216953
Chico,Butte,CA,2004,5,752,213444,3.523172354,0,0,0,0,258083,0,0,0,0,0,0,0,0,0,258083
Chico,Butte,CA,2005,5,752,214382,3.507757181,0,0,0,0,0,333779,0,0,0,0,0,0,0,0,333779
Chico,Butte,CA,2006,5,787,216114,3.641596565,0,0,0,0,0,0,367477,0,0,0,0,0,0,0,367477
Chico,Butte,CA,2007,5,977,215992,4.523315678,0,0,0,0,0,0,0,352808,0,0,0,0,0,0,352808
Chico,Butte,CA,2008,5,836,219628,3.806436338,0,0,0,0,0,0,0,0,313300,0,0,0,0,0,313300
Chico,Butte,CA,2009,5,932,221473,4.208187906,0,0,0,0,0,0,0,0,0,282687,0,0,0,0,282687
Chico,Butte,CA,2010,5,762,220000,3.463636364,0,0,0,0,0,0,0,0,0,0,268753,0,0,0,268753
Chico,Butte,CA,2011,5,576,222586,2.587763831,0,0,0,0,0,0,0,0,0,0,0,248004,0,0,248004
Chico,Butte,CA,2012,5,684,222309,3.07679851,0,0,0,0,0,0,0,0,0,0,0,0,240384,0,240384
Chico,Butte,CA,2013,5,634,222365,2.851168124,0,0,0,0,0,0,0,0,0,0,0,0,0,266977,266977
Murphys,Calaveras,CA,2000,5,118,40554,2.909700646,189085,0,0,0,0,0,0,0,0,0,0,0,0,0,189085
Murphys,Calaveras,CA,2001,5,128,41308,3.09867338,0,442154,0,0,0,0,0,0,0,0,0,0,0,0,442154
Murphys,Calaveras,CA,2002,5,201,42044,4.780705927,0,0,502301,0,0,0,0,0,0,0,0,0,0,0,502301
Murphys,Calaveras,CA,2003,5,222,43429,5.11179166,0,0,0,574292,0,0,0,0,0,0,0,0,0,0,574292
Murphys,Calaveras,CA,2004,5,127,45047,2.819277643,0,0,0,0,671830,0,0,0,0,0,0,0,0,0,671830
Murphys,Calaveras,CA,2005,5,153,46244,3.308537324,0,0,0,0,0,591629,0,0,0,0,0,0,0,0,591629
Murphys,Calaveras,CA,2006,5,56,47293,1.184107585,0,0,0,0,0,0,622424,0,0,0,0,0,0,0,622424
Murphys,Calaveras,CA,2007,5,68,48442,1.403740556,0,0,0,0,0,0,0,479242,0,0,0,0,0,0,479242
Murphys,Calaveras,CA,2008,5,93,47443,1.960247033,0,0,0,0,0,0,0,0,284857,0,0,0,0,0,284857
Murphys,Calaveras,CA,2009,5,84,47418,1.771479185,0,0,0,0,0,0,0,0,0,209819,0,0,0,0,209819
Murphys,Calaveras,CA,2010,5,93,45578,2.040458116,0,0,0,0,0,0,0,0,0,0,203678,0,0,0,203678
Murphys,Calaveras,CA,2011,5,120,46114,2.602246606,0,0,0,0,0,0,0,0,0,0,0,195764,0,0,195764
Murphys,Calaveras,CA,2012,5,101,45470,2.221244777,0,0,0,0,0,0,0,0,0,0,0,0,245872,0,245872
Murphys,Calaveras,CA,2013,5,130,44556,2.917676632,0,0,0,0,0,0,0,0,0,0,0,0,0,336743,336743
Stonyford,Colusa,CA,2000,5,57,18804,3.031269943,194346,0,0,0,0,0,0,0,0,0,0,0,0,0,194346
Stonyford,Colusa,CA,2001,5,55,19153,2.871612802,0,427889,0,0,0,0,0,0,0,0,0,0,0,0,427889
Stonyford,Colusa,CA,2002,5,52,19495,2.667350603,0,0,404563,0,0,0,0,0,0,0,0,0,0,0,404563
Stonyford,Colusa,CA,2003,5,61,19515,3.125800666,0,0,0,505001,0,0,0,0,0,0,0,0,0,0,505001
Stonyford,Colusa,CA,2004,5,59,19905,2.964079377,0,0,0,0,539089,0,0,0,0,0,0,0,0,0,539089
Stonyford,Colusa,CA,2005,5,51,20474,2.49096415,0,0,0,0,0,687703,0,0,0,0,0,0,0,0,687703
Stonyford,Colusa,CA,2006,5,80,21285,3.758515386,0,0,0,0,0,0,742709,0,0,0,0,0,0,0,742709
Stonyford,Colusa,CA,2007,5,66,21479,3.072768751,0,0,0,0,0,0,0,738851,0,0,0,0,0,0,738851
Stonyford,Colusa,CA,2008,5,42,21530,1.950766373,0,0,0,0,0,0,0,0,533240,0,0,0,0,0,533240
Stonyford,Colusa,CA,2009,5,59,21413,2.755335544,0,0,0,0,0,0,0,0,0,344944,0,0,0,0,344944
Stonyford,Colusa,CA,2010,5,48,21419,2.24100098,0,0,0,0,0,0,0,0,0,0,289831,0,0,0,289831
Stonyford,Colusa,CA,2011,5,46,21671,2.122652393,0,0,0,0,0,0,0,0,0,0,0,283670,0,0,283670
Stonyford,Colusa,CA,2012,5,46,21749,2.115039772,0,0,0,0,0,0,0,0,0,0,0,0,267540,0,267540
Stonyford,Colusa,CA,2013,5,43,21429,2.006626534,0,0,0,0,0,0,0,0,0,0,0,0,0,244280,244280
Concord,Contra Costa,CA,2000,5,4532,948816,4.776479317,157207,0,0,0,0,0,0,0,0,0,0,0,0,0,157207
Concord,Contra Costa,CA,2001,5,4387,966449,4.539297987,0,768699,0,0,0,0,0,0,0,0,0,0,0,0,768699
Concord,Contra Costa,CA,2002,5,4264,983674,4.334769446,0,0,950725,0,0,0,0,0,0,0,0,0,0,0,950725
Concord,Contra Costa,CA,2003,5,4187,1002769,4.175438212,0,0,0,1001724,0,0,0,0,0,0,0,0,0,0,1001724
Concord,Contra Costa,CA,2004,5,4021,1012685,3.970632526,0,0,0,0,1134853,0,0,0,0,0,0,0,0,0,1134853
Concord,Contra Costa,CA,2005,5,4513,1015845,4.442606894,0,0,0,0,0,813034,0,0,0,0,0,0,0,0,813034
Concord,Contra Costa,CA,2006,5,4797,1026953,4.671099846,0,0,0,0,0,0,864342,0,0,0,0,0,0,0,864342
Concord,Contra Costa,CA,2007,5,4954,1026886,4.824294031,0,0,0,0,0,0,0,723578,0,0,0,0,0,0,723578
Concord,Contra Costa,CA,2008,5,4597,1023196,4.492785351,0,0,0,0,0,0,0,0,521189,0,0,0,0,0,521189
Concord,Contra Costa,CA,2009,5,4257,1034973,4.113150778,0,0,0,0,0,0,0,0,0,373145,0,0,0,0,373145
Concord,Contra Costa,CA,2010,5,4326,1049025,4.12382927,0,0,0,0,0,0,0,0,0,0,321212,0,0,0,321212
Concord,Contra Costa,CA,2011,5,3927,1061357,3.699980308,0,0,0,0,0,0,0,0,0,0,0,305435,0,0,305435
Concord,Contra Costa,CA,2012,5,4384,1075982,4.074417602,0,0,0,0,0,0,0,0,0,0,0,0,303170,0,303170
Concord,Contra Costa,CA,2013,5,3961,1090133,3.6335016,0,0,0,0,0,0,0,0,0,0,0,0,0,298250,298250
Crescent,Del Norte,CA,2000,5,118,27507,4.289817137,106077,0,0,0,0,0,0,0,0,0,0,0,0,0,106077
Crescent,Del Norte,CA,2001,5,121,28018,4.318652295,0,217402,0,0,0,0,0,0,0,0,0,0,0,0,217402
Crescent,Del Norte,CA,2002,5,112,28518,3.927344134,0,0,236582,0,0,0,0,0,0,0,0,0,0,0,236582
Crescent,Del Norte,CA,2003,5,120,27770,4.321209939,0,0,0,300237,0,0,0,0,0,0,0,0,0,0,300237
Crescent,Del Norte,CA,2004,5,181,28235,6.410483443,0,0,0,0,346191,0,0,0,0,0,0,0,0,0,346191
Crescent,Del Norte,CA,2005,5,120,28539,4.204772417,0,0,0,0,0,353931,0,0,0,0,0,0,0,0,353931
Crescent,Del Norte,CA,2006,5,94,28964,3.245408093,0,0,0,0,0,0,385860,0,0,0,0,0,0,0,385860
Crescent,Del Norte,CA,2007,5,86,28877,2.9781487,0,0,0,0,0,0,0,424624,0,0,0,0,0,0,424624
Crescent,Del Norte,CA,2008,5,114,29078,3.920489717,0,0,0,0,0,0,0,0,391803,0,0,0,0,0,391803
Crescent,Del Norte,CA,2009,5,108,29185,3.700531095,0,0,0,0,0,0,0,0,0,310877,0,0,0,0,310877
Crescent,Del Norte,CA,2010,5,111,28610,3.879762321,0,0,0,0,0,0,0,0,0,0,262174,0,0,0,262174
Crescent,Del Norte,CA,2011,5,160,28946,5.527534029,0,0,0,0,0,0,0,0,0,0,0,239290,0,0,239290
Crescent,Del Norte,CA,2012,5,155,28925,5.358686258,0,0,0,0,0,0,0,0,0,0,0,0,270003,0,270003
Crescent,Del Norte,CA,2013,5,175,28231,6.19885941,0,0,0,0,0,0,0,0,0,0,0,0,0,235414,235414
El Dorado Hills,El Dorado,CA,2000,5,702,156299,4.4913915,126664,0,0,0,0,0,0,0,0,0,0,0,0,0,126664
El Dorado Hills,El Dorado,CA,2001,5,563,159204,3.536343308,0,236288,0,0,0,0,0,0,0,0,0,0,0,0,236288
El Dorado Hills,El Dorado,CA,2002,5,524,162041,3.233749483,0,0,279447,0,0,0,0,0,0,0,0,0,0,0,279447
El Dorado Hills,El Dorado,CA,2003,5,481,167483,2.871933271,0,0,0,256820,0,0,0,0,0,0,0,0,0,0,256820
El Dorado Hills,El Dorado,CA,2004,5,467,170770,2.734672366,0,0,0,0,285826,0,0,0,0,0,0,0,0,0,285826
El Dorado Hills,El Dorado,CA,2005,5,482,174037,2.76952602,0,0,0,0,0,405146,0,0,0,0,0,0,0,0,405146
El Dorado Hills,El Dorado,CA,2006,5,614,178434,3.441048231,0,0,0,0,0,0,418924,0,0,0,0,0,0,0,418924
El Dorado Hills,El Dorado,CA,2007,5,471,179877,2.618455945,0,0,0,0,0,0,0,434802,0,0,0,0,0,0,434802
El Dorado Hills,El Dorado,CA,2008,5,451,177288,2.543883399,0,0,0,0,0,0,0,0,341799,0,0,0,0,0,341799
El Dorado Hills,El Dorado,CA,2009,5,520,177704,2.926214379,0,0,0,0,0,0,0,0,0,274631,0,0,0,0,274631
El Dorado Hills,El Dorado,CA,2010,5,485,181058,2.678699643,0,0,0,0,0,0,0,0,0,0,309259,0,0,0,309259
El Dorado Hills,El Dorado,CA,2011,5,390,183187,2.128972034,0,0,0,0,0,0,0,0,0,0,0,275043,0,0,275043
El Dorado Hills,El Dorado,CA,2012,5,444,182616,2.431331318,0,0,0,0,0,0,0,0,0,0,0,0,237660,0,237660
El Dorado Hills,El Dorado,CA,2013,5,390,180610,2.159348873,0,0,0,0,0,0,0,0,0,0,0,0,0,271806,271806
Fresno,Fresno,CA,2000,5,6041,799407,7.556851516,85991,0,0,0,0,0,0,0,0,0,0,0,0,0,85991
Fresno,Fresno,CA,2001,5,6378,814263,7.832850074,0,128840,0,0,0,0,0,0,0,0,0,0,0,0,128840
Fresno,Fresno,CA,2002,5,5107,828776,6.162099289,0,0,132606,0,0,0,0,0,0,0,0,0,0,0,132606
Fresno,Fresno,CA,2003,5,5055,843389,5.993675516,0,0,0,160750,0,0,0,0,0,0,0,0,0,0,160750
Fresno,Fresno,CA,2004,5,5169,860134,6.009528748,0,0,0,0,233195,0,0,0,0,0,0,0,0,0,233195
Fresno,Fresno,CA,2005,5,5574,872528,6.38833367,0,0,0,0,0,158813,0,0,0,0,0,0,0,0,158813
Fresno,Fresno,CA,2006,5,4895,885487,5.528031467,0,0,0,0,0,0,184087,0,0,0,0,0,0,0,184087
Fresno,Fresno,CA,2007,5,4450,898391,4.953299844,0,0,0,0,0,0,0,248784,0,0,0,0,0,0,248784
Fresno,Fresno,CA,2008,5,4287,907820,4.722301778,0,0,0,0,0,0,0,0,243441,0,0,0,0,0,243441
Fresno,Fresno,CA,2009,5,4694,918710,5.109338094,0,0,0,0,0,0,0,0,0,192422,0,0,0,0,192422
Fresno,Fresno,CA,2010,5,4976,930450,5.347949917,0,0,0,0,0,0,0,0,0,0,152059,0,0,0,152059
Fresno,Fresno,CA,2011,5,5123,926724,5.528075241,0,0,0,0,0,0,0,0,0,0,0,130996,0,0,130996
Fresno,Fresno,CA,2012,5,5104,942367,5.41614891,0,0,0,0,0,0,0,0,0,0,0,0,115136,0,115136
Fresno,Fresno,CA,2013,5,4868,954305,5.101094514,0,0,0,0,0,0,0,0,0,0,0,0,0,119014,119014
Orland,Glenn,CA,2000,5,80,26453,3.024231656,174353,0,0,0,0,0,0,0,0,0,0,0,0,0,174353
Orland,Glenn,CA,2001,5,95,26945,3.525700501,0,165789,0,0,0,0,0,0,0,0,0,0,0,0,165789
Orland,Glenn,CA,2002,5,74,27425,2.698268004,0,0,140701,0,0,0,0,0,0,0,0,0,0,0,140701
Orland,Glenn,CA,2003,5,75,26902,2.787896811,0,0,0,279789,0,0,0,0,0,0,0,0,0,0,279789
Orland,Glenn,CA,2004,5,71,27570,2.575262967,0,0,0,0,299394,0,0,0,0,0,0,0,0,0,299394
Orland,Glenn,CA,2005,5,73,27671,2.638141014,0,0,0,0,0,805975,0,0,0,0,0,0,0,0,805975
Orland,Glenn,CA,2006,5,77,28009,2.749116355,0,0,0,0,0,0,860913,0,0,0,0,0,0,0,860913
Orland,Glenn,CA,2007,5,70,28081,2.492788718,0,0,0,0,0,0,0,667254,0,0,0,0,0,0,667254
Orland,Glenn,CA,2008,5,62,28187,2.199595558,0,0,0,0,0,0,0,0,559166,0,0,0,0,0,559166
Orland,Glenn,CA,2009,5,54,28344,1.905165114,0,0,0,0,0,0,0,0,0,439118,0,0,0,0,439118
Orland,Glenn,CA,2010,5,73,28122,2.595832444,0,0,0,0,0,0,0,0,0,0,569740,0,0,0,569740
Orland,Glenn,CA,2011,5,65,28453,2.284469125,0,0,0,0,0,0,0,0,0,0,0,592631,0,0,592631
Orland,Glenn,CA,2012,5,78,28389,2.747543062,0,0,0,0,0,0,0,0,0,0,0,0,467636,0,467636
Orland,Glenn,CA,2013,5,151,27995,5.393820325,0,0,0,0,0,0,0,0,0,0,0,0,0,559100,559100
Eureka,Humboldt,CA,2000,5,427,126207,3.38333056,139134,0,0,0,0,0,0,0,0,0,0,0,0,0,139134
Eureka,Humboldt,CA,2001,5,544,128869,4.221341052,0,107684,0,0,0,0,0,0,0,0,0,0,0,0,107684
Eureka,Humboldt,CA,2002,5,504,131166,3.842459174,0,0,143320,0,0,0,0,0,0,0,0,0,0,0,143320
Eureka,Humboldt,CA,2003,5,394,128493,3.066314897,0,0,0,163310,0,0,0,0,0,0,0,0,0,0,163310
Eureka,Humboldt,CA,2004,5,428,129391,3.307803479,0,0,0,0,190572,0,0,0,0,0,0,0,0,0,190572
Eureka,Humboldt,CA,2005,5,394,129382,3.045245861,0,0,0,0,0,141986,0,0,0,0,0,0,0,0,141986
Eureka,Humboldt,CA,2006,5,408,129532,3.149800821,0,0,0,0,0,0,164532,0,0,0,0,0,0,0,164532
Eureka,Humboldt,CA,2007,5,482,127629,3.776571155,0,0,0,0,0,0,0,187705,0,0,0,0,0,0,187705
Eureka,Humboldt,CA,2008,5,459,128541,3.5708451,0,0,0,0,0,0,0,0,160207,0,0,0,0,0,160207
Eureka,Humboldt,CA,2009,5,541,128844,4.19887616,0,0,0,0,0,0,0,0,0,135436,0,0,0,0,135436
Eureka,Humboldt,CA,2010,5,529,134623,3.929491989,0,0,0,0,0,0,0,0,0,0,134172,0,0,0,134172
Eureka,Humboldt,CA,2011,5,440,136206,3.23040101,0,0,0,0,0,0,0,0,0,0,0,127327,0,0,127327
Eureka,Humboldt,CA,2012,5,389,136011,2.860062789,0,0,0,0,0,0,0,0,0,0,0,0,178305,0,178305
Eureka,Humboldt,CA,2013,5,474,134938,3.512724362,0,0,0,0,0,0,0,0,0,0,0,0,0,262258,262258
El Centro,Imperial,CA,2000,5,707,142361,4.966247779,149403,0,0,0,0,0,0,0,0,0,0,0,0,0,149403
El Centro,Imperial,CA,2001,5,739,145007,5.096305696,0,100587,0,0,0,0,0,0,0,0,0,0,0,0,100587
El Centro,Imperial,CA,2002,5,680,147591,4.607327005,0,0,63113,0,0,0,0,0,0,0,0,0,0,0,63113
El Centro,Imperial,CA,2003,5,773,147782,5.23067762,0,0,0,93309,0,0,0,0,0,0,0,0,0,0,93309
El Centro,Imperial,CA,2004,5,687,150954,4.551055288,0,0,0,0,183094,0,0,0,0,0,0,0,0,0,183094
El Centro,Imperial,CA,2005,5,785,153460,5.115339502,0,0,0,0,0,112299,0,0,0,0,0,0,0,0,112299
El Centro,Imperial,CA,2006,5,663,157226,4.216859807,0,0,0,0,0,0,140030,0,0,0,0,0,0,0,140030
El Centro,Imperial,CA,2007,5,545,161766,3.369063957,0,0,0,0,0,0,0,144365,0,0,0,0,0,0,144365
El Centro,Imperial,CA,2008,5,474,163673,2.89601828,0,0,0,0,0,0,0,0,137228,0,0,0,0,0,137228
El Centro,Imperial,CA,2009,5,590,165988,3.554473817,0,0,0,0,0,0,0,0,0,92676,0,0,0,0,92676
El Centro,Imperial,CA,2010,5,618,174528,3.540979098,0,0,0,0,0,0,0,0,0,0,124303,0,0,0,124303
El Centro,Imperial,CA,2011,5,453,168784,2.683903688,0,0,0,0,0,0,0,0,0,0,0,107549,0,0,107549
El Centro,Imperial,CA,2012,5,492,170868,2.879415689,0,0,0,0,0,0,0,0,0,0,0,0,88643,0,88643
El Centro,Imperial,CA,2013,5,517,169894,3.043073917,0,0,0,0,0,0,0,0,0,0,0,0,0,83641,83641
Big Pine,Inyo,CA,2003,5,45,18405,2.444987775,0,0,0,271780,0,0,0,0,0,0,0,0,0,0,271780
Big Pine,Inyo,CA,2004,5,52,18537,2.80520041,0,0,0,0,506609,0,0,0,0,0,0,0,0,0,506609
Big Pine,Inyo,CA,2005,5,86,18365,4.682820583,0,0,0,0,0,269383,0,0,0,0,0,0,0,0,269383
Big Pine,Inyo,CA,2006,5,74,18320,4.03930131,0,0,0,0,0,0,357014,0,0,0,0,0,0,0,357014
Big Pine,Inyo,CA,2007,5,135,17850,7.56302521,0,0,0,0,0,0,0,602370,0,0,0,0,0,0,602370
Big Pine,Inyo,CA,2008,5,85,17306,4.911591356,0,0,0,0,0,0,0,0,323916,0,0,0,0,0,323916
Big Pine,Inyo,CA,2009,5,80,16993,4.707820867,0,0,0,0,0,0,0,0,0,158983,0,0,0,0,158983
Big Pine,Inyo,CA,2010,5,69,18546,3.720478809,0,0,0,0,0,0,0,0,0,0,191478,0,0,0,191478
Big Pine,Inyo,CA,2011,5,68,18764,3.623960776,0,0,0,0,0,0,0,0,0,0,0,459900,0,0,459900
Big Pine,Inyo,CA,2012,5,83,18649,4.450640785,0,0,0,0,0,0,0,0,0,0,0,0,280874,0,280874
Big Pine,Inyo,CA,2013,5,75,18508,4.052301707,0,0,0,0,0,0,0,0,0,0,0,0,0,487263,487263
Bakersfield,Kern,CA,2000,5,3237,661645,4.892351639,197150,0,0,0,0,0,0,0,0,0,0,0,0,0,197150
Bakersfield,Kern,CA,2001,5,3275,673941,4.859475829,0,144676,0,0,0,0,0,0,0,0,0,0,0,0,144676
Bakersfield,Kern,CA,2002,5,3371,685953,4.914330865,0,0,84460,0,0,0,0,0,0,0,0,0,0,0,84460
Bakersfield,Kern,CA,2003,5,3742,701341,5.335493006,0,0,0,112656,0,0,0,0,0,0,0,0,0,0,112656
Bakersfield,Kern,CA,2004,5,4421,721313,6.129100682,0,0,0,0,152042,0,0,0,0,0,0,0,0,0,152042
Bakersfield,Kern,CA,2005,5,3899,739726,5.270870566,0,0,0,0,0,335686,0,0,0,0,0,0,0,0,335686
Bakersfield,Kern,CA,2006,5,4189,763641,5.485561933,0,0,0,0,0,0,397247,0,0,0,0,0,0,0,397247
Bakersfield,Kern,CA,2007,5,4590,792216,5.793874398,0,0,0,0,0,0,0,208020,0,0,0,0,0,0,208020
Bakersfield,Kern,CA,2008,5,4631,804287,5.757894881,0,0,0,0,0,0,0,0,145765,0,0,0,0,0,145765
Bakersfield,Kern,CA,2009,5,4892,814516,6.006020753,0,0,0,0,0,0,0,0,0,107681,0,0,0,0,107681
Bakersfield,Kern,CA,2010,5,4879,839631,5.810885973,0,0,0,0,0,0,0,0,0,0,101293,0,0,0,101293
Bakersfield,Kern,CA,2011,5,4447,849502,5.234831701,0,0,0,0,0,0,0,0,0,0,0,96153,0,0,96153
Bakersfield,Kern,CA,2012,5,4976,859608,5.788685075,0,0,0,0,0,0,0,0,0,0,0,0,72322,0,72322
Bakersfield,Kern,CA,2013,5,4969,862202,5.763150631,0,0,0,0,0,0,0,0,0,0,0,0,0,95990,95990
Hanford,Kings,CA,2000,5,364,129461,2.811657565,250088,0,0,0,0,0,0,0,0,0,0,0,0,0,250088
Hanford,Kings,CA,2001,5,340,131867,2.578355464,0,213562,0,0,0,0,0,0,0,0,0,0,0,0,213562
Hanford,Kings,CA,2002,5,408,134218,3.039830723,0,0,165287,0,0,0,0,0,0,0,0,0,0,0,165287
Hanford,Kings,CA,2003,5,434,136460,3.18041917,0,0,0,227000,0,0,0,0,0,0,0,0,0,0,227000
Hanford,Kings,CA,2004,5,462,140162,3.296185842,0,0,0,0,474013,0,0,0,0,0,0,0,0,0,474013
Hanford,Kings,CA,2005,5,547,143508,3.811634195,0,0,0,0,0,446921,0,0,0,0,0,0,0,0,446921
Hanford,Kings,CA,2006,5,535,144712,3.696998176,0,0,0,0,0,0,522782,0,0,0,0,0,0,0,522782
Hanford,Kings,CA,2007,5,441,147510,2.989627822,0,0,0,0,0,0,0,517958,0,0,0,0,0,0,517958
Hanford,Kings,CA,2008,5,614,150711,4.074022467,0,0,0,0,0,0,0,0,443382,0,0,0,0,0,443382
Hanford,Kings,CA,2009,5,562,151368,3.712805877,0,0,0,0,0,0,0,0,0,385252,0,0,0,0,385252
Hanford,Kings,CA,2010,5,533,152982,3.484070021,0,0,0,0,0,0,0,0,0,0,157288,0,0,0,157288
Hanford,Kings,CA,2011,5,542,154780,3.501744411,0,0,0,0,0,0,0,0,0,0,0,119514,0,0,119514
Hanford,Kings,CA,2012,5,767,155191,4.942296912,0,0,0,0,0,0,0,0,0,0,0,0,173866,0,173866
Hanford,Kings,CA,2013,5,725,151256,4.793198286,0,0,0,0,0,0,0,0,0,0,0,0,0,98103,98103
Clearlake,Lake,CA,2000,5,234,58309,4.013102609,266384,0,0,0,0,0,0,0,0,0,0,0,0,0,266384
Clearlake,Lake,CA,2001,5,213,59393,3.586281212,0,299917,0,0,0,0,0,0,0,0,0,0,0,0,299917
Clearlake,Lake,CA,2002,5,270,60452,4.466353471,0,0,249890,0,0,0,0,0,0,0,0,0,0,0,249890
Clearlake,Lake,CA,2003,5,336,62620,5.36569786,0,0,0,306996,0,0,0,0,0,0,0,0,0,0,306996
Clearlake,Lake,CA,2004,5,301,64100,4.695787832,0,0,0,0,415262,0,0,0,0,0,0,0,0,0,415262
Clearlake,Lake,CA,2005,5,252,64874,3.88445294,0,0,0,0,0,426085,0,0,0,0,0,0,0,0,426085
Clearlake,Lake,CA,2006,5,329,65734,5.005020233,0,0,0,0,0,0,515187,0,0,0,0,0,0,0,515187
Clearlake,Lake,CA,2007,5,228,66540,3.42651037,0,0,0,0,0,0,0,610013,0,0,0,0,0,0,610013
Clearlake,Lake,CA,2008,5,298,65152,4.57391945,0,0,0,0,0,0,0,0,605390,0,0,0,0,0,605390
Clearlake,Lake,CA,2009,5,277,65384,4.236510461,0,0,0,0,0,0,0,0,0,582470,0,0,0,0,582470
Clearlake,Lake,CA,2010,5,292,64665,4.515580298,0,0,0,0,0,0,0,0,0,0,202878,0,0,0,202878
Clearlake,Lake,CA,2011,5,331,65425,5.059228124,0,0,0,0,0,0,0,0,0,0,0,476156,0,0,476156
Clearlake,Lake,CA,2012,5,376,64919,5.791832899,0,0,0,0,0,0,0,0,0,0,0,0,358932,0,358932
Clearlake,Lake,CA,2013,5,356,63816,5.578538298,0,0,0,0,0,0,0,0,0,0,0,0,0,418310,418310
Susanville,Lassen,CA,2000,5,73,33828,2.157975641,165821,0,0,0,0,0,0,0,0,0,0,0,0,0,165821
Susanville,Lassen,CA,2001,5,72,34457,2.089560902,0,352537,0,0,0,0,0,0,0,0,0,0,0,0,352537
Susanville,Lassen,CA,2002,5,80,35071,2.281086938,0,0,209166,0,0,0,0,0,0,0,0,0,0,0,209166
Susanville,Lassen,CA,2003,5,89,34364,2.589919683,0,0,0,278580,0,0,0,0,0,0,0,0,0,0,278580
Susanville,Lassen,CA,2004,5,100,34317,2.914007635,0,0,0,0,420926,0,0,0,0,0,0,0,0,0,420926
Susanville,Lassen,CA,2005,5,101,34891,2.8947293,0,0,0,0,0,535798,0,0,0,0,0,0,0,0,535798
Susanville,Lassen,CA,2006,5,89,35064,2.538215834,0,0,0,0,0,0,609328,0,0,0,0,0,0,0,609328
Susanville,Lassen,CA,2007,5,104,34585,3.007083996,0,0,0,0,0,0,0,859448,0,0,0,0,0,0,859448
Susanville,Lassen,CA,2008,5,121,35024,3.454773869,0,0,0,0,0,0,0,0,1009452,0,0,0,0,0,1009452
Susanville,Lassen,CA,2009,5,96,34549,2.77866219,0,0,0,0,0,0,0,0,0,890263,0,0,0,0,890263
Susanville,Lassen,CA,2010,5,118,34895,3.381573291,0,0,0,0,0,0,0,0,0,0,499425,0,0,0,499425
Susanville,Lassen,CA,2011,5,120,35305,3.39895199,0,0,0,0,0,0,0,0,0,0,0,362408,0,0,362408
Susanville,Lassen,CA,2012,5,132,34517,3.824202567,0,0,0,0,0,0,0,0,0,0,0,0,340719,0,340719
Susanville,Lassen,CA,2013,5,127,33325,3.810952738,0,0,0,0,0,0,0,0,0,0,0,0,0,304542,304542
Los Angeles,Los Angeles,CA,2000,5,89986,9519338,9.452968263,431987,0,0,0,0,0,0,0,0,0,0,0,0,0,431987
Los Angeles,Los Angeles,CA,2001,5,89848,9696252,9.266260819,0,736232,0,0,0,0,0,0,0,0,0,0,0,0,736232
Los Angeles,Los Angeles,CA,2002,5,89059,9869056,9.024064713,0,0,1309384,0,0,0,0,0,0,0,0,0,0,0,1309384
Los Angeles,Los Angeles,CA,2003,5,84671,9909465,8.544457244,0,0,0,1308652,0,0,0,0,0,0,0,0,0,0,1308652
Los Angeles,Los Angeles,CA,2004,5,76652,9985385,7.676419086,0,0,0,0,399880,0,0,0,0,0,0,0,0,0,399880
Los Angeles,Los Angeles,CA,2005,5,66351,10003731,6.632625367,0,0,0,0,0,643989,0,0,0,0,0,0,0,0,643989
Los Angeles,Los Angeles,CA,2006,5,65044,10024953,6.48820997,0,0,0,0,0,0,714664,0,0,0,0,0,0,0,714664
Los Angeles,Los Angeles,CA,2007,5,63385,9929814,6.383301842,0,0,0,0,0,0,0,769673,0,0,0,0,0,0,769673
Los Angeles,Los Angeles,CA,2008,5,59788,9872263,6.056159565,0,0,0,0,0,0,0,0,732741,0,0,0,0,0,732741
Los Angeles,Los Angeles,CA,2009,5,54747,9863786,5.550302896,0,0,0,0,0,0,0,0,0,637285,0,0,0,0,637285
Los Angeles,Los Angeles,CA,2010,5,50223,9818605,5.115085086,0,0,0,0,0,0,0,0,0,0,278633,0,0,0,278633
Los Angeles,Los Angeles,CA,2011,5,46116,9934033,4.642223355,0,0,0,0,0,0,0,0,0,0,0,373281,0,0,373281
Los Angeles,Los Angeles,CA,2012,5,44556,9980757,4.464190442,0,0,0,0,0,0,0,0,0,0,0,0,314866,0,314866
Los Angeles,Los Angeles,CA,2013,5,40384,10022399,4.029374604,0,0,0,0,0,0,0,0,0,0,0,0,0,477964,477964
Madera,Madera,CA,2000,5,804,123109,6.530797911,279464,0,0,0,0,0,0,0,0,0,0,0,0,0,279464
Madera,Madera,CA,2001,5,670,125397,5.343030535,0,528539,0,0,0,0,0,0,0,0,0,0,0,0,528539
Madera,Madera,CA,2002,5,748,127632,5.860599223,0,0,770219,0,0,0,0,0,0,0,0,0,0,0,770219
Madera,Madera,CA,2003,5,864,131632,6.563753495,0,0,0,374055,0,0,0,0,0,0,0,0,0,0,374055
Madera,Madera,CA,2004,5,723,135003,5.355436546,0,0,0,0,998468,0,0,0,0,0,0,0,0,0,998468
Madera,Madera,CA,2005,5,731,139874,5.22613209,0,0,0,0,0,479539,0,0,0,0,0,0,0,0,479539
Madera,Madera,CA,2006,5,777,144074,5.393061899,0,0,0,0,0,0,589878,0,0,0,0,0,0,0,589878
Madera,Madera,CA,2007,5,746,148765,5.014620374,0,0,0,0,0,0,0,324814,0,0,0,0,0,0,324814
Madera,Madera,CA,2008,5,744,148935,4.995467822,0,0,0,0,0,0,0,0,590227,0,0,0,0,0,590227
Madera,Madera,CA,2009,5,685,150856,4.540754097,0,0,0,0,0,0,0,0,0,750306,0,0,0,0,750306
Madera,Madera,CA,2010,5,654,150865,4.335001491,0,0,0,0,0,0,0,0,0,0,798976,0,0,0,798976
Madera,Madera,CA,2011,5,799,152639,5.234573078,0,0,0,0,0,0,0,0,0,0,0,661523,0,0,661523
Madera,Madera,CA,2012,5,934,154343,6.05145682,0,0,0,0,0,0,0,0,0,0,0,0,631399,0,631399
Madera,Madera,CA,2013,5,1017,152772,6.656979028,0,0,0,0,0,0,0,0,0,0,0,0,0,1021181,1021181
San Rafael,Marin,CA,2000,5,631,226175,2.789875097,183704,0,0,0,0,0,0,0,0,0,0,0,0,0,183704
San Rafael,Marin,CA,2001,5,566,230379,2.456821151,0,345878,0,0,0,0,0,0,0,0,0,0,0,0,345878
San Rafael,Marin,CA,2002,5,475,234483,2.025733209,0,0,431794,0,0,0,0,0,0,0,0,0,0,0,431794
San Rafael,Marin,CA,2003,5,538,228718,2.352241625,0,0,0,520239,0,0,0,0,0,0,0,0,0,0,520239
San Rafael,Marin,CA,2004,5,484,227629,2.126266864,0,0,0,0,948865,0,0,0,0,0,0,0,0,0,948865
San Rafael,Marin,CA,2005,5,498,226566,2.19803501,0,0,0,0,0,1082776,0,0,0,0,0,0,0,0,1082776
San Rafael,Marin,CA,2006,5,617,228152,2.704337459,0,0,0,0,0,0,1140189,0,0,0,0,0,0,0,1140189
San Rafael,Marin,CA,2007,5,641,225928,2.837187068,0,0,0,0,0,0,0,359010,0,0,0,0,0,0,359010
San Rafael,Marin,CA,2008,5,521,226014,2.305166937,0,0,0,0,0,0,0,0,327165,0,0,0,0,0,327165
San Rafael,Marin,CA,2009,5,483,227148,2.12636695,0,0,0,0,0,0,0,0,0,264101,0,0,0,0,264101
San Rafael,Marin,CA,2010,5,494,231230,2.136400986,0,0,0,0,0,0,0,0,0,0,468762,0,0,0,468762
San Rafael,Marin,CA,2011,5,505,233948,2.158599347,0,0,0,0,0,0,0,0,0,0,0,294631,0,0,294631
San Rafael,Marin,CA,2012,5,453,235790,1.921201069,0,0,0,0,0,0,0,0,0,0,0,0,278184,0,278184
San Rafael,Marin,CA,2013,5,450,223353,2.014747955,0,0,0,0,0,0,0,0,0,0,0,0,0,533492,533492
Coulterville,Mariposa,CA,2000,5,130,17130,7.589025102,155160,0,0,0,0,0,0,0,0,0,0,0,0,0,155160
Coulterville,Mariposa,CA,2001,5,61,17448,3.496102705,0,389102,0,0,0,0,0,0,0,0,0,0,0,0,389102
Coulterville,Mariposa,CA,2002,5,80,17760,4.504504505,0,0,410012,0,0,0,0,0,0,0,0,0,0,0,410012
Coulterville,Mariposa,CA,2003,5,84,17375,4.834532374,0,0,0,423233,0,0,0,0,0,0,0,0,0,0,423233
Coulterville,Mariposa,CA,2004,5,82,18008,4.553531764,0,0,0,0,621437,0,0,0,0,0,0,0,0,0,621437
Coulterville,Mariposa,CA,2005,5,75,18123,4.138387684,0,0,0,0,0,615896,0,0,0,0,0,0,0,0,615896
Coulterville,Mariposa,CA,2006,5,49,18232,2.687582273,0,0,0,0,0,0,665968,0,0,0,0,0,0,0,665968
Coulterville,Mariposa,CA,2007,5,31,18445,1.680672269,0,0,0,0,0,0,0,658240,0,0,0,0,0,0,658240
Coulterville,Mariposa,CA,2008,5,43,18062,2.380688739,0,0,0,0,0,0,0,0,624222,0,0,0,0,0,624222
Coulterville,Mariposa,CA,2009,5,48,18008,2.665482008,0,0,0,0,0,0,0,0,0,192633,0,0,0,0,192633
Coulterville,Mariposa,CA,2010,5,37,18251,2.027286176,0,0,0,0,0,0,0,0,0,0,214753,0,0,0,214753
Coulterville,Mariposa,CA,2011,5,55,18466,2.978446875,0,0,0,0,0,0,0,0,0,0,0,120311,0,0,120311
Coulterville,Mariposa,CA,2012,5,71,18360,3.867102397,0,0,0,0,0,0,0,0,0,0,0,0,158106,0,158106
Coulterville,Mariposa,CA,2013,5,84,17815,4.715127701,0,0,0,0,0,0,0,0,0,0,0,0,0,195458,195458
Ukiah,Mendocino,CA,2000,5,318,86265,3.686315423,174762,0,0,0,0,0,0,0,0,0,0,0,0,0,174762
Ukiah,Mendocino,CA,2001,5,468,87868,5.326171075,0,430415,0,0,0,0,0,0,0,0,0,0,0,0,430415
Ukiah,Mendocino,CA,2002,5,522,89434,5.836706398,0,0,521171,0,0,0,0,0,0,0,0,0,0,0,521171
Ukiah,Mendocino,CA,2003,5,486,88155,5.513016845,0,0,0,456293,0,0,0,0,0,0,0,0,0,0,456293
Ukiah,Mendocino,CA,2004,5,472,89377,5.281000705,0,0,0,0,820976,0,0,0,0,0,0,0,0,0,820976
Ukiah,Mendocino,CA,2005,5,467,89139,5.239008739,0,0,0,0,0,639755,0,0,0,0,0,0,0,0,639755
Ukiah,Mendocino,CA,2006,5,479,88955,5.384745096,0,0,0,0,0,0,694044,0,0,0,0,0,0,0,694044
Ukiah,Mendocino,CA,2007,5,544,87672,6.204945707,0,0,0,0,0,0,0,880362,0,0,0,0,0,0,880362
Ukiah,Mendocino,CA,2008,5,560,85835,6.524145162,0,0,0,0,0,0,0,0,1035780,0,0,0,0,0,1035780
Ukiah,Mendocino,CA,2009,5,520,85905,6.0531983,0,0,0,0,0,0,0,0,0,1180835,0,0,0,0,1180835
Ukiah,Mendocino,CA,2010,5,488,87841,5.55549231,0,0,0,0,0,0,0,0,0,0,377260,0,0,0,377260
Ukiah,Mendocino,CA,2011,5,483,88874,5.434660306,0,0,0,0,0,0,0,0,0,0,0,262592,0,0,262592
Ukiah,Mendocino,CA,2012,5,358,88365,4.051377808,0,0,0,0,0,0,0,0,0,0,0,0,284540,0,284540
Ukiah,Mendocino,CA,2013,5,472,87429,5.398666346,0,0,0,0,0,0,0,0,0,0,0,0,0,218079,218079
Merced,Merced,CA,2000,5,1307,210554,6.207433722,124338,0,0,0,0,0,0,0,0,0,0,0,0,0,124338
Merced,Merced,CA,2001,5,1324,214467,6.173443933,0,326300,0,0,0,0,0,0,0,0,0,0,0,0,326300
Merced,Merced,CA,2002,5,1409,218289,6.454745773,0,0,339166,0,0,0,0,0,0,0,0,0,0,0,339166
Merced,Merced,CA,2003,5,1603,227763,7.038017588,0,0,0,466212,0,0,0,0,0,0,0,0,0,0,466212
Merced,Merced,CA,2004,5,1612,234245,6.881683707,0,0,0,0,657921,0,0,0,0,0,0,0,0,0,657921
Merced,Merced,CA,2005,5,1496,238579,6.27045968,0,0,0,0,0,684114,0,0,0,0,0,0,0,0,684114
Merced,Merced,CA,2006,5,1616,243883,6.626128102,0,0,0,0,0,0,738636,0,0,0,0,0,0,0,738636
Merced,Merced,CA,2007,5,1463,249018,5.875077304,0,0,0,0,0,0,0,810877,0,0,0,0,0,0,810877
Merced,Merced,CA,2008,5,1541,248898,6.191291212,0,0,0,0,0,0,0,0,517394,0,0,0,0,0,517394
Merced,Merced,CA,2009,5,1658,249432,6.647102216,0,0,0,0,0,0,0,0,0,400638,0,0,0,0,400638
Merced,Merced,CA,2010,5,1448,255793,5.66082731,0,0,0,0,0,0,0,0,0,0,360153,0,0,0,360153
Merced,Merced,CA,2011,5,1409,258800,5.444358578,0,0,0,0,0,0,0,0,0,0,0,267554,0,0,267554
Merced,Merced,CA,2012,5,1833,262308,6.987968343,0,0,0,0,0,0,0,0,0,0,0,0,388013,0,388013
Merced,Merced,CA,2013,5,1555,264498,5.879061467,0,0,0,0,0,0,0,0,0,0,0,0,0,284690,284690
Adin,Modoc,CA,2000,5,38,9449,4.021589586,123970,0,0,0,0,0,0,0,0,0,0,0,0,0,123970
Adin,Modoc,CA,2001,5,10,9625,1.038961039,0,354571,0,0,0,0,0,0,0,0,0,0,0,0,354571
Adin,Modoc,CA,2002,5,32,9796,3.266639445,0,0,516184,0,0,0,0,0,0,0,0,0,0,0,516184
Adin,Modoc,CA,2003,5,24,9386,2.556999787,0,0,0,592752,0,0,0,0,0,0,0,0,0,0,592752
Adin,Modoc,CA,2004,5,15,9526,1.574637833,0,0,0,0,458426,0,0,0,0,0,0,0,0,0,458426
Adin,Modoc,CA,2005,5,19,9663,1.966263065,0,0,0,0,0,621926,0,0,0,0,0,0,0,0,621926
Adin,Modoc,CA,2006,5,49,9610,5.098855359,0,0,0,0,0,0,805093,0,0,0,0,0,0,0,805093
Adin,Modoc,CA,2007,5,24,9549,2.513352183,0,0,0,0,0,0,0,832194,0,0,0,0,0,0,832194
Adin,Modoc,CA,2008,5,43,9125,4.712328767,0,0,0,0,0,0,0,0,612191,0,0,0,0,0,612191
Adin,Modoc,CA,2009,5,10,9127,1.095650268,0,0,0,0,0,0,0,0,0,626908,0,0,0,0,626908
Adin,Modoc,CA,2010,5,17,9686,1.755110469,0,0,0,0,0,0,0,0,0,0,418324,0,0,0,418324
Adin,Modoc,CA,2011,5,42,9800,4.285714286,0,0,0,0,0,0,0,0,0,0,0,338429,0,0,338429
Adin,Modoc,CA,2012,5,69,9605,7.183758459,0,0,0,0,0,0,0,0,0,0,0,0,410242,0,410242
Adin,Modoc,CA,2013,5,69,9216,7.486979167,0,0,0,0,0,0,0,0,0,0,0,0,0,619707,619707
Bishop,Mono,CA,2000,5,30,12853,2.334085428,106068,0,0,0,0,0,0,0,0,0,0,0,0,0,106068
Bishop,Mono,CA,2001,5,29,13092,2.215093187,0,208423,0,0,0,0,0,0,0,0,0,0,0,0,208423
Bishop,Mono,CA,2002,5,31,13326,2.326279454,0,0,241731,0,0,0,0,0,0,0,0,0,0,0,241731
Bishop,Mono,CA,2003,5,41,13255,3.093172388,0,0,0,249393,0,0,0,0,0,0,0,0,0,0,249393
Bishop,Mono,CA,2004,5,44,13138,3.349063784,0,0,0,0,252821,0,0,0,0,0,0,0,0,0,252821
Bishop,Mono,CA,2005,5,59,12851,4.591082406,0,0,0,0,0,311975,0,0,0,0,0,0,0,0,311975
Bishop,Mono,CA,2006,5,40,12622,3.169069878,0,0,0,0,0,0,217336,0,0,0,0,0,0,0,217336
Bishop,Mono,CA,2007,5,52,12640,4.113924051,0,0,0,0,0,0,0,397846,0,0,0,0,0,0,397846
Bishop,Mono,CA,2008,5,49,12727,3.850082502,0,0,0,0,0,0,0,0,427611,0,0,0,0,0,427611
Bishop,Mono,CA,2009,5,49,12717,3.85311001,0,0,0,0,0,0,0,0,0,621293,0,0,0,0,621293
Bishop,Mono,CA,2010,5,59,14202,4.154344459,0,0,0,0,0,0,0,0,0,0,392251,0,0,0,392251
Bishop,Mono,CA,2011,5,49,14369,3.410119006,0,0,0,0,0,0,0,0,0,0,0,306679,0,0,306679
Bishop,Mono,CA,2012,5,44,14442,3.046669436,0,0,0,0,0,0,0,0,0,0,0,0,312750,0,312750
Bishop,Mono,CA,2013,5,29,14394,2.014728359,0,0,0,0,0,0,0,0,0,0,0,0,0,391011,391011
Salinas,Monterey,CA,2000,5,2311,401762,5.752161728,130277,0,0,0,0,0,0,0,0,0,0,0,0,0,130277
Salinas,Monterey,CA,2001,5,2284,409228,5.581240775,0,211777,0,0,0,0,0,0,0,0,0,0,0,0,211777
Salinas,Monterey,CA,2002,5,1953,416522,4.688827961,0,0,234576,0,0,0,0,0,0,0,0,0,0,0,234576
Salinas,Monterey,CA,2003,5,2054,417745,4.916875127,0,0,0,444034,0,0,0,0,0,0,0,0,0,0,444034
Salinas,Monterey,CA,2004,5,2097,419230,5.002027527,0,0,0,0,583399,0,0,0,0,0,0,0,0,0,583399
Salinas,Monterey,CA,2005,5,1858,417382,4.451557566,0,0,0,0,0,1176578,0,0,0,0,0,0,0,0,1176578
Salinas,Monterey,CA,2006,5,2014,415815,4.843500114,0,0,0,0,0,0,1185052,0,0,0,0,0,0,0,1185052
Salinas,Monterey,CA,2007,5,2191,408059,5.369321593,0,0,0,0,0,0,0,871773,0,0,0,0,0,0,871773
Salinas,Monterey,CA,2008,5,1973,406198,4.857237111,0,0,0,0,0,0,0,0,504002,0,0,0,0,0,504002
Salinas,Monterey,CA,2009,5,2118,407403,5.198783514,0,0,0,0,0,0,0,0,0,413568,0,0,0,0,413568
Salinas,Monterey,CA,2010,5,2037,415057,4.907759657,0,0,0,0,0,0,0,0,0,0,358893,0,0,0,358893
Salinas,Monterey,CA,2011,5,1951,419936,4.645946049,0,0,0,0,0,0,0,0,0,0,0,463569,0,0,463569
Salinas,Monterey,CA,2012,5,1866,425810,4.382236209,0,0,0,0,0,0,0,0,0,0,0,0,331237,0,331237
Salinas,Monterey,CA,2013,5,1794,430882,4.163552898,0,0,0,0,0,0,0,0,0,0,0,0,0,680847,680847
Napa,Napa,CA,2000,5,322,124279,2.590944568,152112,0,0,0,0,0,0,0,0,0,0,0,0,0,152112
Napa,Napa,CA,2001,5,361,126589,2.851748572,0,146560,0,0,0,0,0,0,0,0,0,0,0,0,146560
Napa,Napa,CA,2002,5,345,128845,2.677635919,0,0,159386,0,0,0,0,0,0,0,0,0,0,0,159386
Napa,Napa,CA,2003,5,380,131635,2.886770236,0,0,0,231700,0,0,0,0,0,0,0,0,0,0,231700
Napa,Napa,CA,2004,5,451,133125,3.387793427,0,0,0,0,299970,0,0,0,0,0,0,0,0,0,299970
Napa,Napa,CA,2005,5,477,133218,3.580597217,0,0,0,0,0,403472,0,0,0,0,0,0,0,0,403472
Napa,Napa,CA,2006,5,463,133960,3.456255599,0,0,0,0,0,0,403876,0,0,0,0,0,0,0,403876
Napa,Napa,CA,2007,5,460,133808,3.437761569,0,0,0,0,0,0,0,753560,0,0,0,0,0,0,753560
Napa,Napa,CA,2008,5,832,132946,6.258180013,0,0,0,0,0,0,0,0,648630,0,0,0,0,0,648630
Napa,Napa,CA,2009,5,580,133996,4.328487418,0,0,0,0,0,0,0,0,0,544474,0,0,0,0,544474
Napa,Napa,CA,2010,5,651,136484,4.769789865,0,0,0,0,0,0,0,0,0,0,465336,0,0,0,465336
Napa,Napa,CA,2011,5,452,138089,3.273251309,0,0,0,0,0,0,0,0,0,0,0,458902,0,0,458902
Napa,Napa,CA,2012,5,485,139368,3.479995408,0,0,0,0,0,0,0,0,0,0,0,0,459509,0,459509
Napa,Napa,CA,2013,5,417,139982,2.978954437,0,0,0,0,0,0,0,0,0,0,0,0,0,715983,715983
Grass Valley,Nevada,CA,2000,5,159,92033,1.727641172,112172,0,0,0,0,0,0,0,0,0,0,0,0,0,112172
Grass Valley,Nevada,CA,2001,5,172,93743,1.834803665,0,225682,0,0,0,0,0,0,0,0,0,0,0,0,225682
Grass Valley,Nevada,CA,2002,5,200,95414,2.096128451,0,0,290162,0,0,0,0,0,0,0,0,0,0,0,290162
Grass Valley,Nevada,CA,2003,5,261,96044,2.717504477,0,0,0,221978,0,0,0,0,0,0,0,0,0,0,221978
Grass Valley,Nevada,CA,2004,5,236,97208,2.427783722,0,0,0,0,328623,0,0,0,0,0,0,0,0,0,328623
Grass Valley,Nevada,CA,2005,5,289,98308,2.939740408,0,0,0,0,0,309478,0,0,0,0,0,0,0,0,309478
Grass Valley,Nevada,CA,2006,5,298,99280,3.001611604,0,0,0,0,0,0,341342,0,0,0,0,0,0,0,341342
Grass Valley,Nevada,CA,2007,5,267,98922,2.699096258,0,0,0,0,0,0,0,544548,0,0,0,0,0,0,544548
Grass Valley,Nevada,CA,2008,5,263,97128,2.70776707,0,0,0,0,0,0,0,0,744505,0,0,0,0,0,744505
Grass Valley,Nevada,CA,2009,5,289,97306,2.970012127,0,0,0,0,0,0,0,0,0,604820,0,0,0,0,604820
Grass Valley,Nevada,CA,2010,5,311,98764,3.148920659,0,0,0,0,0,0,0,0,0,0,712037,0,0,0,712037
Grass Valley,Nevada,CA,2011,5,268,99925,2.682011509,0,0,0,0,0,0,0,0,0,0,0,537998,0,0,537998
Grass Valley,Nevada,CA,2012,5,243,99526,2.441573056,0,0,0,0,0,0,0,0,0,0,0,0,599491,0,599491
Grass Valley,Nevada,CA,2013,5,433,98260,4.406676165,0,0,0,0,0,0,0,0,0,0,0,0,0,516455,516455
Anaheim,Orange,CA,2000,5,8600,2846289,3.021478142,93672,0,0,0,0,0,0,0,0,0,0,0,0,0,93672
Anaheim,Orange,CA,2001,5,8548,2899185,2.948414813,0,155716,0,0,0,0,0,0,0,0,0,0,0,0,155716
Anaheim,Orange,CA,2002,5,8206,2950856,2.780887986,0,0,168137,0,0,0,0,0,0,0,0,0,0,0,168137
Anaheim,Orange,CA,2003,5,8219,2969336,2.767958897,0,0,0,307552,0,0,0,0,0,0,0,0,0,0,307552
Anaheim,Orange,CA,2004,5,8308,2991887,2.776842842,0,0,0,0,296760,0,0,0,0,0,0,0,0,0,296760
Anaheim,Orange,CA,2005,5,8529,3007430,2.835976232,0,0,0,0,0,383492,0,0,0,0,0,0,0,0,383492
Anaheim,Orange,CA,2006,5,8361,3014982,2.773150884,0,0,0,0,0,0,407781,0,0,0,0,0,0,0,407781
Anaheim,Orange,CA,2007,5,8213,3000062,2.737610089,0,0,0,0,0,0,0,442648,0,0,0,0,0,0,442648
Anaheim,Orange,CA,2008,5,7637,3000164,2.545527511,0,0,0,0,0,0,0,0,436339,0,0,0,0,0,436339
Anaheim,Orange,CA,2009,5,7429,3017883,2.461659382,0,0,0,0,0,0,0,0,0,313513,0,0,0,0,313513
Anaheim,Orange,CA,2010,5,6907,3010232,2.294507533,0,0,0,0,0,0,0,0,0,0,664479,0,0,0,664479
Anaheim,Orange,CA,2011,5,6509,3045620,2.137167473,0,0,0,0,0,0,0,0,0,0,0,827606,0,0,827606
Anaheim,Orange,CA,2012,5,6789,3084081,2.201304051,0,0,0,0,0,0,0,0,0,0,0,0,748047,0,748047
Anaheim,Orange,CA,2013,5,6042,3118731,1.937326432,0,0,0,0,0,0,0,0,0,0,0,0,0,437040,437040
Roseville,Placer,CA,2000,5,533,248399,2.145741327,202785,0,0,0,0,0,0,0,0,0,0,0,0,0,202785
Roseville,Placer,CA,2001,5,465,253015,1.837835701,0,124897,0,0,0,0,0,0,0,0,0,0,0,0,124897
Roseville,Placer,CA,2002,5,507,257525,1.968740899,0,0,142910,0,0,0,0,0,0,0,0,0,0,0,142910
Roseville,Placer,CA,2003,5,577,281431,2.050236115,0,0,0,259642,0,0,0,0,0,0,0,0,0,0,259642
Roseville,Placer,CA,2004,5,623,295606,2.10753503,0,0,0,0,354148,0,0,0,0,0,0,0,0,0,354148
Roseville,Placer,CA,2005,5,664,309043,2.148568322,0,0,0,0,0,393578,0,0,0,0,0,0,0,0,393578
Roseville,Placer,CA,2006,5,815,319883,2.547806542,0,0,0,0,0,0,418689,0,0,0,0,0,0,0,418689
Roseville,Placer,CA,2007,5,851,336075,2.532172878,0,0,0,0,0,0,0,381445,0,0,0,0,0,0,381445
Roseville,Placer,CA,2008,5,801,343188,2.333997692,0,0,0,0,0,0,0,0,263862,0,0,0,0,0,263862
Roseville,Placer,CA,2009,5,816,352670,2.313777753,0,0,0,0,0,0,0,0,0,211751,0,0,0,0,211751
Roseville,Placer,CA,2010,5,785,348432,2.25295036,0,0,0,0,0,0,0,0,0,0,162894,0,0,0,162894
Roseville,Placer,CA,2011,5,694,352528,1.968637952,0,0,0,0,0,0,0,0,0,0,0,191626,0,0,191626
Roseville,Placer,CA,2012,5,680,360450,1.886530725,0,0,0,0,0,0,0,0,0,0,0,0,191689,0,191689
Roseville,Placer,CA,2013,5,660,366094,1.80281567,0,0,0,0,0,0,0,0,0,0,0,0,0,307844,307844
Westwood,Plumas,CA,2000,5,63,20824,3.025355359,197959,0,0,0,0,0,0,0,0,0,0,0,0,0,197959
Westwood,Plumas,CA,2001,5,61,21211,2.875866296,0,108488,0,0,0,0,0,0,0,0,0,0,0,0,108488
Westwood,Plumas,CA,2002,5,64,21589,2.964472648,0,0,88707,0,0,0,0,0,0,0,0,0,0,0,88707
Westwood,Plumas,CA,2003,5,51,21109,2.416031077,0,0,0,209879,0,0,0,0,0,0,0,0,0,0,209879
Westwood,Plumas,CA,2004,5,56,21392,2.617801047,0,0,0,0,220994,0,0,0,0,0,0,0,0,0,220994
Westwood,Plumas,CA,2005,5,37,21501,1.720850193,0,0,0,0,0,412175,0,0,0,0,0,0,0,0,412175
Westwood,Plumas,CA,2006,5,36,21670,1.66128288,0,0,0,0,0,0,513768,0,0,0,0,0,0,0,513768
Westwood,Plumas,CA,2007,5,143,21169,6.755160848,0,0,0,0,0,0,0,336029,0,0,0,0,0,0,336029
Westwood,Plumas,CA,2008,5,138,20496,6.733021077,0,0,0,0,0,0,0,0,276227,0,0,0,0,0,276227
Westwood,Plumas,CA,2009,5,121,20152,6.004366812,0,0,0,0,0,0,0,0,0,296470,0,0,0,0,296470
Westwood,Plumas,CA,2010,5,109,20007,5.448093167,0,0,0,0,0,0,0,0,0,0,147784,0,0,0,147784
Westwood,Plumas,CA,2011,5,104,20242,5.13783223,0,0,0,0,0,0,0,0,0,0,0,139764,0,0,139764
Westwood,Plumas,CA,2012,5,108,19948,5.414076599,0,0,0,0,0,0,0,0,0,0,0,0,275056,0,275056
Westwood,Plumas,CA,2013,5,92,19248,4.779717373,0,0,0,0,0,0,0,0,0,0,0,0,0,201167,201167
Riverside,Riverside,CA,2000,5,9591,1545387,6.206212424,180639,0,0,0,0,0,0,0,0,0,0,0,0,0,180639
Riverside,Riverside,CA,2001,5,9691,1574107,6.156506514,0,137017,0,0,0,0,0,0,0,0,0,0,0,0,137017
Riverside,Riverside,CA,2002,5,9517,1602162,5.940098442,0,0,134973,0,0,0,0,0,0,0,0,0,0,0,134973
Riverside,Riverside,CA,2003,5,9122,1716938,5.312946653,0,0,0,226740,0,0,0,0,0,0,0,0,0,0,226740
Riverside,Riverside,CA,2004,5,8495,1803215,4.711030021,0,0,0,0,230957,0,0,0,0,0,0,0,0,0,230957
Riverside,Riverside,CA,2005,5,8660,1884380,4.595676031,0,0,0,0,0,452564,0,0,0,0,0,0,0,0,452564
Riverside,Riverside,CA,2006,5,9389,1963948,4.780676474,0,0,0,0,0,0,543911,0,0,0,0,0,0,0,543911
Riverside,Riverside,CA,2007,5,9260,2088102,4.434649265,0,0,0,0,0,0,0,353480,0,0,0,0,0,0,353480
Riverside,Riverside,CA,2008,5,8267,2138413,3.865951058,0,0,0,0,0,0,0,0,258522,0,0,0,0,0,258522
Riverside,Riverside,CA,2009,5,7286,2163913,3.36704849,0,0,0,0,0,0,0,0,0,125553,0,0,0,0,125553
Riverside,Riverside,CA,2010,5,6605,2189641,3.016476217,0,0,0,0,0,0,0,0,0,0,220026,0,0,0,220026
Riverside,Riverside,CA,2011,5,6621,2215382,2.988649362,0,0,0,0,0,0,0,0,0,0,0,180241,0,0,180241
Riverside,Riverside,CA,2012,5,6989,2260388,3.091947046,0,0,0,0,0,0,0,0,0,0,0,0,216670,0,216670
Riverside,Riverside,CA,2013,5,6203,2294504,2.703416512,0,0,0,0,0,0,0,0,0,0,0,0,0,379588,379588
Sacramento,Sacramento,CA,2000,5,7206,1223499,5.889665623,1771741,0,0,0,0,0,0,0,0,0,0,0,0,0,1771741
Sacramento,Sacramento,CA,2001,5,7259,1246237,5.824734782,0,206315,0,0,0,0,0,0,0,0,0,0,0,0,206315
Sacramento,Sacramento,CA,2002,5,8112,1268448,6.395216832,0,0,217291,0,0,0,0,0,0,0,0,0,0,0,217291
Sacramento,Sacramento,CA,2003,5,7743,1318774,5.871362341,0,0,0,850112,0,0,0,0,0,0,0,0,0,0,850112
Sacramento,Sacramento,CA,2004,5,9164,1346062,6.808007358,0,0,0,0,536365,0,0,0,0,0,0,0,0,0,536365
Sacramento,Sacramento,CA,2005,5,9656,1361426,7.092563239,0,0,0,0,0,390175,0,0,0,0,0,0,0,0,390175
Sacramento,Sacramento,CA,2006,5,11178,1375761,8.124957751,0,0,0,0,0,0,303502,0,0,0,0,0,0,0,303502
Sacramento,Sacramento,CA,2007,5,9607,1386015,6.931382416,0,0,0,0,0,0,0,343652,0,0,0,0,0,0,343652
Sacramento,Sacramento,CA,2008,5,9259,1400691,6.610308769,0,0,0,0,0,0,0,0,232553,0,0,0,0,0,232553
Sacramento,Sacramento,CA,2009,5,8988,1408817,6.3798208,0,0,0,0,0,0,0,0,0,236054,0,0,0,0,236054
Sacramento,Sacramento,CA,2010,5,8551,1418788,6.026975137,0,0,0,0,0,0,0,0,0,0,189389,0,0,0,189389
Sacramento,Sacramento,CA,2011,5,7481,1435467,5.211544396,0,0,0,0,0,0,0,0,0,0,0,242338,0,0,242338
Sacramento,Sacramento,CA,2012,5,8008,1449422,5.524960984,0,0,0,0,0,0,0,0,0,0,0,0,209255,0,209255
Sacramento,Sacramento,CA,2013,5,7515,1461488,5.14201964,0,0,0,0,0,0,0,0,0,0,0,0,0,172522,172522
Hollister,San Benito,CA,2000,5,337,51685,6.520267002,349770,0,0,0,0,0,0,0,0,0,0,0,0,0,349770
Hollister,San Benito,CA,2001,5,248,54223,4.573704885,0,248642,0,0,0,0,0,0,0,0,0,0,0,0,248642
Hollister,San Benito,CA,2002,5,175,55189,3.170921742,0,0,150720,0,0,0,0,0,0,0,0,0,0,0,150720
Hollister,San Benito,CA,2003,5,246,56525,4.352056612,0,0,0,322651,0,0,0,0,0,0,0,0,0,0,322651
Hollister,San Benito,CA,2004,5,237,56949,4.16161829,0,0,0,0,353599,0,0,0,0,0,0,0,0,0,353599
Hollister,San Benito,CA,2005,5,193,56616,3.408930338,0,0,0,0,0,908772,0,0,0,0,0,0,0,0,908772
Hollister,San Benito,CA,2006,5,168,56440,2.976612332,0,0,0,0,0,0,697691,0,0,0,0,0,0,0,697691
Hollister,San Benito,CA,2007,5,251,55700,4.506283662,0,0,0,0,0,0,0,316119,0,0,0,0,0,0,316119
Hollister,San Benito,CA,2008,5,243,54505,4.458306577,0,0,0,0,0,0,0,0,205819,0,0,0,0,0,205819
Hollister,San Benito,CA,2009,5,246,54609,4.504751964,0,0,0,0,0,0,0,0,0,157915,0,0,0,0,157915
Hollister,San Benito,CA,2010,5,213,55269,3.853878304,0,0,0,0,0,0,0,0,0,0,195242,0,0,0,195242
Hollister,San Benito,CA,2011,5,196,55919,3.505069833,0,0,0,0,0,0,0,0,0,0,0,253760,0,0,253760
Hollister,San Benito,CA,2012,5,217,56592,3.834464235,0,0,0,0,0,0,0,0,0,0,0,0,186770,0,186770
Hollister,San Benito,CA,2013,5,245,57402,4.268143967,0,0,0,0,0,0,0,0,0,0,0,0,0,165304,165304
San Bernardino,San Bernardino,CA,2000,5,9169,1709434,5.363763679,545124,0,0,0,0,0,0,0,0,0,0,0,0,0,545124
San Bernardino,San Bernardino,CA,2001,5,10048,1741203,5.770722885,0,456298,0,0,0,0,0,0,0,0,0,0,0,0,456298
San Bernardino,San Bernardino,CA,2002,5,9979,1772236,5.630739924,0,0,321350,0,0,0,0,0,0,0,0,0,0,0,321350
San Bernardino,San Bernardino,CA,2003,5,10147,1835125,5.529323616,0,0,0,297718,0,0,0,0,0,0,0,0,0,0,297718
San Bernardino,San Bernardino,CA,2004,5,9813,1881131,5.216542601,0,0,0,0,354499,0,0,0,0,0,0,0,0,0,354499
San Bernardino,San Bernardino,CA,2005,5,9737,1933888,5.034934805,0,0,0,0,0,1556390,0,0,0,0,0,0,0,0,1556390
San Bernardino,San Bernardino,CA,2006,5,9912,1981218,5.002983013,0,0,0,0,0,0,2217290,0,0,0,0,0,0,0,2217290
San Bernardino,San Bernardino,CA,2007,5,10239,2027304,5.050549893,0,0,0,0,0,0,0,290383,0,0,0,0,0,0,290383
San Bernardino,San Bernardino,CA,2008,5,10489,2037201,5.148731029,0,0,0,0,0,0,0,0,200183,0,0,0,0,0,200183
San Bernardino,San Bernardino,CA,2009,5,10038,2044304,4.910228616,0,0,0,0,0,0,0,0,0,114215,0,0,0,0,114215
San Bernardino,San Bernardino,CA,2010,5,9017,2035210,4.430501029,0,0,0,0,0,0,0,0,0,0,144051,0,0,0,144051
San Bernardino,San Bernardino,CA,2011,5,8551,2059136,4.152712594,0,0,0,0,0,0,0,0,0,0,0,104325,0,0,104325
San Bernardino,San Bernardino,CA,2012,5,9032,2084529,4.332873277,0,0,0,0,0,0,0,0,0,0,0,0,196426,0,196426
San Bernardino,San Bernardino,CA,2013,5,8434,2097553,4.020875754,0,0,0,0,0,0,0,0,0,0,0,0,0,138452,138452
San Diego,San Diego,CA,2000,5,13746,2813833,4.885151322,347670,0,0,0,0,0,0,0,0,0,0,0,0,0,347670
San Diego,San Diego,CA,2001,5,14592,2866126,5.091192781,0,919360,0,0,0,0,0,0,0,0,0,0,0,0,919360
San Diego,San Diego,CA,2002,5,14028,2917208,4.808707504,0,0,624658,0,0,0,0,0,0,0,0,0,0,0,624658
San Diego,San Diego,CA,2003,5,14007,2937155,4.768900518,0,0,0,608912,0,0,0,0,0,0,0,0,0,0,608912
San Diego,San Diego,CA,2004,5,13886,2964696,4.683785454,0,0,0,0,704771,0,0,0,0,0,0,0,0,0,704771
San Diego,San Diego,CA,2005,5,13849,2951182,4.692696011,0,0,0,0,0,894323,0,0,0,0,0,0,0,0,894323
San Diego,San Diego,CA,2006,5,13578,2959880,4.587348136,0,0,0,0,0,0,1083226,0,0,0,0,0,0,0,1083226
San Diego,San Diego,CA,2007,5,13672,2935792,4.657005673,0,0,0,0,0,0,0,389432,0,0,0,0,0,0,389432
San Diego,San Diego,CA,2008,5,12874,2979368,4.321050639,0,0,0,0,0,0,0,0,272809,0,0,0,0,0,272809
San Diego,San Diego,CA,2009,5,12775,3010824,4.243024501,0,0,0,0,0,0,0,0,0,189127,0,0,0,0,189127
San Diego,San Diego,CA,2010,5,11639,3095313,3.760201311,0,0,0,0,0,0,0,0,0,0,225488,0,0,0,225488
San Diego,San Diego,CA,2011,5,11009,3131701,3.515341982,0,0,0,0,0,0,0,0,0,0,0,300752,0,0,300752
San Diego,San Diego,CA,2012,5,11839,3169187,3.735658388,0,0,0,0,0,0,0,0,0,0,0,0,296442,0,296442
San Diego,San Diego,CA,2013,5,11173,3206175,3.484837852,0,0,0,0,0,0,0,0,0,0,0,0,0,406488,406488
San Francisco,San Francisco,CA,2000,5,6562,776733,8.448205497,347777,0,0,0,0,0,0,0,0,0,0,0,0,0,347777
San Francisco,San Francisco,CA,2001,5,6829,791168,8.631542226,0,333711,0,0,0,0,0,0,0,0,0,0,0,0,333711
San Francisco,San Francisco,CA,2002,5,6100,805269,7.575108442,0,0,361773,0,0,0,0,0,0,0,0,0,0,0,361773
San Francisco,San Francisco,CA,2003,5,5764,772065,7.465692655,0,0,0,233076,0,0,0,0,0,0,0,0,0,0,233076
San Francisco,San Francisco,CA,2004,5,5782,760353,7.60436271,0,0,0,0,442982,0,0,0,0,0,0,0,0,0,442982
San Francisco,San Francisco,CA,2005,5,6014,749172,8.027529059,0,0,0,0,0,1601764,0,0,0,0,0,0,0,0,1601764
San Francisco,San Francisco,CA,2006,5,6605,746085,8.852878693,0,0,0,0,0,0,1835020,0,0,0,0,0,0,0,1835020
San Francisco,San Francisco,CA,2007,5,6466,733799,8.811677312,0,0,0,0,0,0,0,1552038,0,0,0,0,0,0,1552038
San Francisco,San Francisco,CA,2008,5,6808,798144,8.529789111,0,0,0,0,0,0,0,0,978488,0,0,0,0,0,978488
San Francisco,San Francisco,CA,2009,5,6030,809755,7.44669684,0,0,0,0,0,0,0,0,0,944223,0,0,0,0,944223
San Francisco,San Francisco,CA,2010,5,5808,805235,7.212801232,0,0,0,0,0,0,0,0,0,0,367865,0,0,0,367865
San Francisco,San Francisco,CA,2011,5,5465,814701,6.707982438,0,0,0,0,0,0,0,0,0,0,0,670265,0,0,670265
San Francisco,San Francisco,CA,2012,5,5874,820363,7.160244916,0,0,0,0,0,0,0,0,0,0,0,0,633729,0,633729
San Francisco,San Francisco,CA,2013,5,7164,833863,8.591339345,0,0,0,0,0,0,0,0,0,0,0,0,0,376512,376512
Stockton,San Joaquin,CA,2000,5,4596,563598,8.154748597,388850,0,0,0,0,0,0,0,0,0,0,0,0,0,388850
Stockton,San Joaquin,CA,2001,5,5174,574072,9.012806756,0,310598,0,0,0,0,0,0,0,0,0,0,0,0,310598
Stockton,San Joaquin,CA,2002,5,5475,584304,9.370122402,0,0,362421,0,0,0,0,0,0,0,0,0,0,0,362421
Stockton,San Joaquin,CA,2003,5,5381,620747,8.668588008,0,0,0,322181,0,0,0,0,0,0,0,0,0,0,322181
Stockton,San Joaquin,CA,2004,5,5431,640059,8.485155275,0,0,0,0,375303,0,0,0,0,0,0,0,0,0,375303
Stockton,San Joaquin,CA,2005,5,5949,654183,9.093785684,0,0,0,0,0,1474665,0,0,0,0,0,0,0,0,1474665
Stockton,San Joaquin,CA,2006,5,6079,670097,9.071820945,0,0,0,0,0,0,1821841,0,0,0,0,0,0,0,1821841
Stockton,San Joaquin,CA,2007,5,6054,684406,8.845626719,0,0,0,0,0,0,0,2944407,0,0,0,0,0,0,2944407
Stockton,San Joaquin,CA,2008,5,6156,681786,9.029226179,0,0,0,0,0,0,0,0,1000364,0,0,0,0,0,1000364
Stockton,San Joaquin,CA,2009,5,5531,682784,8.100658481,0,0,0,0,0,0,0,0,0,440166,0,0,0,0,440166
Stockton,San Joaquin,CA,2010,5,5524,685306,8.060632768,0,0,0,0,0,0,0,0,0,0,820421,0,0,0,820421
Stockton,San Joaquin,CA,2011,5,5694,693362,8.212160459,0,0,0,0,0,0,0,0,0,0,0,727789,0,0,727789
Stockton,San Joaquin,CA,2012,5,6249,702670,8.893221569,0,0,0,0,0,0,0,0,0,0,0,0,730097,0,730097
Stockton,San Joaquin,CA,2013,5,4980,708679,7.027158982,0,0,0,0,0,0,0,0,0,0,0,0,0,784248,784248
San Luis Obispo,San Luis Obispo,CA,2001,5,743,251265,2.957037391,0,191292,0,0,0,0,0,0,0,0,0,0,0,0,191292
San Luis Obispo,San Luis Obispo,CA,2002,5,699,255744,2.733201952,0,0,225956,0,0,0,0,0,0,0,0,0,0,0,225956
San Luis Obispo,San Luis Obispo,CA,2003,5,638,256067,2.491535418,0,0,0,708498,0,0,0,0,0,0,0,0,0,0,708498
San Luis Obispo,San Luis Obispo,CA,2004,5,777,256038,3.034705786,0,0,0,0,537734,0,0,0,0,0,0,0,0,0,537734
San Luis Obispo,San Luis Obispo,CA,2005,5,760,256256,2.965784216,0,0,0,0,0,537456,0,0,0,0,0,0,0,0,537456
San Luis Obispo,San Luis Obispo,CA,2006,5,736,257779,2.855158876,0,0,0,0,0,0,736413,0,0,0,0,0,0,0,736413
San Luis Obispo,San Luis Obispo,CA,2007,5,894,256373,3.487106677,0,0,0,0,0,0,0,1524565,0,0,0,0,0,0,1524565
San Luis Obispo,San Luis Obispo,CA,2008,5,780,263017,2.965587776,0,0,0,0,0,0,0,0,754909,0,0,0,0,0,754909
San Luis Obispo,San Luis Obispo,CA,2009,5,694,266382,2.605281138,0,0,0,0,0,0,0,0,0,823607,0,0,0,0,823607
San Luis Obispo,San Luis Obispo,CA,2010,5,717,269637,2.659130609,0,0,0,0,0,0,0,0,0,0,686354,0,0,0,686354
San Luis Obispo,San Luis Obispo,CA,2011,5,680,272807,2.492604662,0,0,0,0,0,0,0,0,0,0,0,650980,0,0,650980
San Luis Obispo,San Luis Obispo,CA,2012,5,906,274491,3.300654666,0,0,0,0,0,0,0,0,0,0,0,0,2219546,0,2219546
San Luis Obispo,San Luis Obispo,CA,2013,5,1069,276816,3.861770996,0,0,0,0,0,0,0,0,0,0,0,0,0,2765545,2765545
Daly,San Mateo,CA,2001,5,2218,720303,3.0792597,0,121907,0,0,0,0,0,0,0,0,0,0,0,0,121907
Daly,San Mateo,CA,2002,5,2083,733141,2.841199715,0,0,98869,0,0,0,0,0,0,0,0,0,0,0,98869
Daly,San Mateo,CA,2003,5,2101,710580,2.956739565,0,0,0,242637,0,0,0,0,0,0,0,0,0,0,242637
Daly,San Mateo,CA,2004,5,2168,705502,3.072989162,0,0,0,0,297598,0,0,0,0,0,0,0,0,0,297598
Daly,San Mateo,CA,2005,5,2451,703859,3.482231526,0,0,0,0,0,582433,0,0,0,0,0,0,0,0,582433
Daly,San Mateo,CA,2006,5,2194,705911,3.108040532,0,0,0,0,0,0,573161,0,0,0,0,0,0,0,573161
Daly,San Mateo,CA,2007,5,2129,699640,3.04299354,0,0,0,0,0,0,0,1005941,0,0,0,0,0,0,1005941
Daly,San Mateo,CA,2008,5,2167,703318,3.081109825,0,0,0,0,0,0,0,0,892006,0,0,0,0,0,892006
Daly,San Mateo,CA,2009,5,2072,710707,2.915406771,0,0,0,0,0,0,0,0,0,592930,0,0,0,0,592930
Daly,San Mateo,CA,2010,5,1795,718451,2.498430651,0,0,0,0,0,0,0,0,0,0,533948,0,0,0,533948
Daly,San Mateo,CA,2011,5,1573,726897,2.163992973,0,0,0,0,0,0,0,0,0,0,0,2080832,0,0,2080832
Daly,San Mateo,CA,2012,5,1759,733952,2.396614493,0,0,0,0,0,0,0,0,0,0,0,0,350033,0,350033
Daly,San Mateo,CA,2013,5,1776,746844,2.378006652,0,0,0,0,0,0,0,0,0,0,0,0,0,800553,800553
Santa Maria,Santa Barbara,CA,2001,5,1398,406769,3.436840074,0,164860,0,0,0,0,0,0,0,0,0,0,0,0,164860
Santa Maria,Santa Barbara,CA,2002,5,1332,414019,3.217243653,0,0,241604,0,0,0,0,0,0,0,0,0,0,0,241604
Santa Maria,Santa Barbara,CA,2003,5,1114,407313,2.73499741,0,0,0,451560,0,0,0,0,0,0,0,0,0,0,451560
Santa Maria,Santa Barbara,CA,2004,5,1804,407785,4.423899849,0,0,0,0,197699,0,0,0,0,0,0,0,0,0,197699
Santa Maria,Santa Barbara,CA,2005,5,1668,404519,4.123415711,0,0,0,0,0,377064,0,0,0,0,0,0,0,0,377064
Santa Maria,Santa Barbara,CA,2006,5,1752,404371,4.332654913,0,0,0,0,0,0,458528,0,0,0,0,0,0,0,458528
Santa Maria,Santa Barbara,CA,2007,5,1644,397342,4.137493645,0,0,0,0,0,0,0,516558,0,0,0,0,0,0,516558
Santa Maria,Santa Barbara,CA,2008,5,1653,402753,4.104252482,0,0,0,0,0,0,0,0,604455,0,0,0,0,0,604455
Santa Maria,Santa Barbara,CA,2009,5,1897,404613,4.688430673,0,0,0,0,0,0,0,0,0,656020,0,0,0,0,656020
Santa Maria,Santa Barbara,CA,2010,5,1841,423895,4.343056653,0,0,0,0,0,0,0,0,0,0,521785,0,0,0,521785
Santa Maria,Santa Barbara,CA,2011,5,1657,428878,3.863569593,0,0,0,0,0,0,0,0,0,0,0,1493342,0,0,1493342
Santa Maria,Santa Barbara,CA,2012,5,1643,430836,3.813516048,0,0,0,0,0,0,0,0,0,0,0,0,1267005,0,1267005
Santa Maria,Santa Barbara,CA,2013,5,1416,434144,3.261590624,0,0,0,0,0,0,0,0,0,0,0,0,0,311660,311660
San Jose,Santa Clara,CA,2003,5,5327,1701167,3.131379812,0,0,0,272522,0,0,0,0,0,0,0,0,0,0,272522
San Jose,Santa Clara,CA,2004,5,5090,1697783,2.998027428,0,0,0,0,479432,0,0,0,0,0,0,0,0,0,479432
San Jose,Santa Clara,CA,2005,5,5350,1696378,3.153778226,0,0,0,0,0,243010,0,0,0,0,0,0,0,0,243010
San Jose,Santa Clara,CA,2006,5,5439,1714353,3.172625474,0,0,0,0,0,0,278122,0,0,0,0,0,0,0,278122
San Jose,Santa Clara,CA,2007,5,5580,1724407,3.235895006,0,0,0,0,0,0,0,581617,0,0,0,0,0,0,581617
San Jose,Santa Clara,CA,2008,5,5452,1748342,3.118383017,0,0,0,0,0,0,0,0,311547,0,0,0,0,0,311547
San Jose,Santa Clara,CA,2009,5,5013,1767336,2.836472521,0,0,0,0,0,0,0,0,0,259758,0,0,0,0,259758
San Jose,Santa Clara,CA,2010,5,4677,1781642,2.625106503,0,0,0,0,0,0,0,0,0,0,151861,0,0,0,151861
San Jose,Santa Clara,CA,2011,5,4564,1802587,2.531916629,0,0,0,0,0,0,0,0,0,0,0,417074,0,0,417074
San Jose,Santa Clara,CA,2012,5,4942,1826156,2.706231012,0,0,0,0,0,0,0,0,0,0,0,0,317344,0,317344
San Jose,Santa Clara,CA,2013,5,4538,1857348,2.443268574,0,0,0,0,0,0,0,0,0,0,0,0,0,589109,589109
Santa Cruz,Santa Cruz,CA,2005,5,1155,252297,4.577937907,0,0,0,0,0,584892,0,0,0,0,0,0,0,0,584892
Santa Cruz,Santa Cruz,CA,2006,5,1083,251914,4.299086196,0,0,0,0,0,0,536675,0,0,0,0,0,0,0,536675
Santa Cruz,Santa Cruz,CA,2007,5,1239,246931,5.017596009,0,0,0,0,0,0,0,345208,0,0,0,0,0,0,345208
Santa Cruz,Santa Cruz,CA,2008,5,1247,250002,4.987960096,0,0,0,0,0,0,0,0,253100,0,0,0,0,0,253100
Santa Cruz,Santa Cruz,CA,2009,5,1215,251964,4.822117445,0,0,0,0,0,0,0,0,0,158986,0,0,0,0,158986
Santa Cruz,Santa Cruz,CA,2010,5,1313,262382,5.004154248,0,0,0,0,0,0,0,0,0,0,593178,0,0,0,593178
Santa Cruz,Santa Cruz,CA,2011,5,1169,265467,4.403560518,0,0,0,0,0,0,0,0,0,0,0,479732,0,0,479732
Santa Cruz,Santa Cruz,CA,2012,5,1041,266749,3.902545089,0,0,0,0,0,0,0,0,0,0,0,0,484485,0,484485
Santa Cruz,Santa Cruz,CA,2013,5,1002,268260,3.735182286,0,0,0,0,0,0,0,0,0,0,0,0,0,365393,365393
Redding,Shasta,CA,2005,5,851,178997,4.754269625,0,0,0,0,0,459056,0,0,0,0,0,0,0,0,459056
Redding,Shasta,CA,2006,5,648,181524,3.569775897,0,0,0,0,0,0,472046,0,0,0,0,0,0,0,472046
Redding,Shasta,CA,2007,5,851,180982,4.702125073,0,0,0,0,0,0,0,262943,0,0,0,0,0,0,262943
Redding,Shasta,CA,2008,5,1174,180598,6.500625699,0,0,0,0,0,0,0,0,290900,0,0,0,0,0,290900
Redding,Shasta,CA,2009,5,1280,181512,7.051875358,0,0,0,0,0,0,0,0,0,141797,0,0,0,0,141797
Redding,Shasta,CA,2010,5,1457,177223,8.221280534,0,0,0,0,0,0,0,0,0,0,149512,0,0,0,149512
Redding,Shasta,CA,2011,5,1302,179306,7.261329794,0,0,0,0,0,0,0,0,0,0,0,164894,0,0,164894
Redding,Shasta,CA,2012,5,1298,179423,7.234301065,0,0,0,0,0,0,0,0,0,0,0,0,249505,0,249505
Redding,Shasta,CA,2013,5,1150,179250,6.415620642,0,0,0,0,0,0,0,0,0,0,0,0,0,387652,387652
Loyalton,Sierra,CA,2004,5,13,3542,3.670242801,0,0,0,0,493229,0,0,0,0,0,0,0,0,0,493229
Loyalton,Sierra,CA,2005,5,7,3513,1.992598918,0,0,0,0,0,204662,0,0,0,0,0,0,0,0,204662
Loyalton,Sierra,CA,2006,5,10,3465,2.886002886,0,0,0,0,0,0,210483,0,0,0,0,0,0,0,210483
Loyalton,Sierra,CA,2007,5,15,3412,4.396248535,0,0,0,0,0,0,0,763850,0,0,0,0,0,0,763850
Loyalton,Sierra,CA,2008,5,8,3283,2.436795614,0,0,0,0,0,0,0,0,522916,0,0,0,0,0,522916
Loyalton,Sierra,CA,2009,5,13,3220,4.037267081,0,0,0,0,0,0,0,0,0,415277,0,0,0,0,415277
Loyalton,Sierra,CA,2010,5,19,3240,5.864197531,0,0,0,0,0,0,0,0,0,0,417632,0,0,0,417632
Loyalton,Sierra,CA,2011,5,5,3278,1.525320317,0,0,0,0,0,0,0,0,0,0,0,172120,0,0,172120
Loyalton,Sierra,CA,2012,5,17,3142,5.410566518,0,0,0,0,0,0,0,0,0,0,0,0,201838,0,201838
Loyalton,Sierra,CA,2013,5,7,3045,2.298850575,0,0,0,0,0,0,0,0,0,0,0,0,0,104127,104127
Yreka,Siskiyou,CA,2000,5,140,44301,3.160199544,204824,0,0,0,0,0,0,0,0,0,0,0,0,0,204824
Yreka,Siskiyou,CA,2001,5,112,45124,2.482049464,0,259974,0,0,0,0,0,0,0,0,0,0,0,0,259974
Yreka,Siskiyou,CA,2002,5,94,45928,2.046681763,0,0,302828,0,0,0,0,0,0,0,0,0,0,0,302828
Yreka,Siskiyou,CA,2003,5,99,44566,2.221424404,0,0,0,87900,0,0,0,0,0,0,0,0,0,0,87900
Yreka,Siskiyou,CA,2004,5,139,45141,3.079240602,0,0,0,0,148269,0,0,0,0,0,0,0,0,0,148269
Yreka,Siskiyou,CA,2005,5,137,45189,3.031711257,0,0,0,0,0,326064,0,0,0,0,0,0,0,0,326064
Yreka,Siskiyou,CA,2006,5,153,45667,3.350340508,0,0,0,0,0,0,361000,0,0,0,0,0,0,0,361000
Yreka,Siskiyou,CA,2007,5,157,44864,3.49946505,0,0,0,0,0,0,0,565992,0,0,0,0,0,0,565992
Yreka,Siskiyou,CA,2008,5,152,44086,3.44780656,0,0,0,0,0,0,0,0,296875,0,0,0,0,0,296875
Yreka,Siskiyou,CA,2009,5,183,44422,4.119580388,0,0,0,0,0,0,0,0,0,178834,0,0,0,0,178834
Yreka,Siskiyou,CA,2010,5,138,44900,3.073496659,0,0,0,0,0,0,0,0,0,0,219368,0,0,0,219368
Yreka,Siskiyou,CA,2011,5,155,42991,3.605405783,0,0,0,0,0,0,0,0,0,0,0,242228,0,0,242228
Yreka,Siskiyou,CA,2012,5,104,42460,2.449364107,0,0,0,0,0,0,0,0,0,0,0,0,190153,0,190153
Yreka,Siskiyou,CA,2013,5,116,43947,2.639543086,0,0,0,0,0,0,0,0,0,0,0,0,0,214829,214829
Vallejo,Solano,CA,2007,5,2482,410623,6.044473885,0,0,0,0,0,0,0,294757,0,0,0,0,0,0,294757
Vallejo,Solano,CA,2008,5,2354,408066,5.768674675,0,0,0,0,0,0,0,0,186814,0,0,0,0,0,186814
Vallejo,Solano,CA,2009,5,2064,407294,5.067592452,0,0,0,0,0,0,0,0,0,178441,0,0,0,0,178441
Vallejo,Solano,CA,2010,5,1881,413344,4.550689014,0,0,0,0,0,0,0,0,0,0,189749,0,0,0,189749
Vallejo,Solano,CA,2011,5,1802,418203,4.308912179,0,0,0,0,0,0,0,0,0,0,0,303071,0,0,303071
Vallejo,Solano,CA,2012,5,1846,420333,4.39175606,0,0,0,0,0,0,0,0,0,0,0,0,187900,0,187900
Vallejo,Solano,CA,2013,5,2001,423574,4.724085992,0,0,0,0,0,0,0,0,0,0,0,0,0,241660,241660
Santa Rosa,Sonoma,CA,2007,5,1974,464218,4.252312491,0,0,0,0,0,0,0,521411,0,0,0,0,0,0,521411
Santa Rosa,Sonoma,CA,2008,5,2031,462650,4.389927591,0,0,0,0,0,0,0,0,238112,0,0,0,0,0,238112
Santa Rosa,Sonoma,CA,2009,5,1917,465831,4.115226337,0,0,0,0,0,0,0,0,0,155652,0,0,0,0,155652
Santa Rosa,Sonoma,CA,2010,5,1876,483878,3.877010321,0,0,0,0,0,0,0,0,0,0,145535,0,0,0,145535
Santa Rosa,Sonoma,CA,2011,5,1702,489566,3.476548617,0,0,0,0,0,0,0,0,0,0,0,129485,0,0,129485
Santa Rosa,Sonoma,CA,2012,5,1792,492642,3.63752989,0,0,0,0,0,0,0,0,0,0,0,0,138478,0,138478
Santa Rosa,Sonoma,CA,2013,5,1782,494862,3.601003916,0,0,0,0,0,0,0,0,0,0,0,0,0,270172,270172
Modesto,Stanislaus,CA,2007,5,3207,517721,6.194456087,0,0,0,0,0,0,0,338180,0,0,0,0,0,0,338180
Modesto,Stanislaus,CA,2008,5,2829,516995,5.472006499,0,0,0,0,0,0,0,0,358111,0,0,0,0,0,358111
Modesto,Stanislaus,CA,2009,5,2721,516191,5.271304614,0,0,0,0,0,0,0,0,0,436687,0,0,0,0,436687
Modesto,Stanislaus,CA,2010,5,2672,514453,5.193866106,0,0,0,0,0,0,0,0,0,0,436565,0,0,0,436565
Modesto,Stanislaus,CA,2011,5,2484,520501,4.772325125,0,0,0,0,0,0,0,0,0,0,0,476437,0,0,476437
Modesto,Stanislaus,CA,2012,5,2875,523330,5.493665565,0,0,0,0,0,0,0,0,0,0,0,0,151526,0,151526
Modesto,Stanislaus,CA,2013,5,2716,524583,5.177445704,0,0,0,0,0,0,0,0,0,0,0,0,0,184113,184113
Yuba,Sutter,CA,2008,5,340,93336,3.642753064,0,0,0,0,0,0,0,0,205927,0,0,0,0,0,205927
Yuba,Sutter,CA,2009,5,316,93466,3.380908566,0,0,0,0,0,0,0,0,0,224887,0,0,0,0,224887
Yuba,Sutter,CA,2010,5,359,94737,3.789438129,0,0,0,0,0,0,0,0,0,0,505583,0,0,0,505583
Yuba,Sutter,CA,2011,5,343,95851,3.578470751,0,0,0,0,0,0,0,0,0,0,0,258262,0,0,258262
Yuba,Sutter,CA,2012,5,318,95799,3.319450099,0,0,0,0,0,0,0,0,0,0,0,0,390665,0,390665
Yuba,Sutter,CA,2013,5,244,95198,2.563079056,0,0,0,0,0,0,0,0,0,0,0,0,0,427341,427341
Red Bluff,Tehama,CA,2010,5,369,63463,5.814411547,0,0,0,0,0,0,0,0,0,0,153020,0,0,0,153020
Red Bluff,Tehama,CA,2011,5,348,64209,5.419800962,0,0,0,0,0,0,0,0,0,0,0,203193,0,0,203193
Red Bluff,Tehama,CA,2012,5,354,64191,5.514791793,0,0,0,0,0,0,0,0,0,0,0,0,267766,0,267766
Red Bluff,Tehama,CA,2013,5,351,63405,5.535841022,0,0,0,0,0,0,0,0,0,0,0,0,0,260027,260027
Weaverville,Trinity,CA,2000,5,23,13022,1.766241745,273682,0,0,0,0,0,0,0,0,0,0,0,0,0,273682
Weaverville,Trinity,CA,2001,5,25,13264,1.884800965,0,339391,0,0,0,0,0,0,0,0,0,0,0,0,339391
Weaverville,Trinity,CA,2002,5,29,13500,2.148148148,0,0,466679,0,0,0,0,0,0,0,0,0,0,0,466679
Weaverville,Trinity,CA,2003,5,53,13312,3.981370192,0,0,0,214082,0,0,0,0,0,0,0,0,0,0,214082
Weaverville,Trinity,CA,2004,5,57,13631,4.18164478,0,0,0,0,403953,0,0,0,0,0,0,0,0,0,403953
Weaverville,Trinity,CA,2005,5,36,13762,2.615898852,0,0,0,0,0,922629,0,0,0,0,0,0,0,0,922629
Weaverville,Trinity,CA,2006,5,23,13745,1.673335758,0,0,0,0,0,0,802693,0,0,0,0,0,0,0,802693
Weaverville,Trinity,CA,2007,5,21,14397,1.458637216,0,0,0,0,0,0,0,755832,0,0,0,0,0,0,755832
Weaverville,Trinity,CA,2008,5,22,14261,1.542668817,0,0,0,0,0,0,0,0,888626,0,0,0,0,0,888626
Weaverville,Trinity,CA,2009,5,22,14421,1.525553013,0,0,0,0,0,0,0,0,0,737325,0,0,0,0,737325
Weaverville,Trinity,CA,2010,5,34,13786,2.466270129,0,0,0,0,0,0,0,0,0,0,597108,0,0,0,597108
Weaverville,Trinity,CA,2011,5,34,13948,2.437625466,0,0,0,0,0,0,0,0,0,0,0,738464,0,0,738464
Weaverville,Trinity,CA,2012,5,21,13850,1.516245487,0,0,0,0,0,0,0,0,0,0,0,0,479844,0,479844
Weaverville,Trinity,CA,2013,5,30,13462,2.228495023,0,0,0,0,0,0,0,0,0,0,0,0,0,686396,686396
Visalia,Tulare,CA,2011,5,1905,447377,4.258153638,0,0,0,0,0,0,0,0,0,0,0,124556,0,0,124556
Visalia,Tulare,CA,2012,5,2100,453419,4.631477728,0,0,0,0,0,0,0,0,0,0,0,0,188589,0,188589
Visalia,Tulare,CA,2013,5,2097,455552,4.603206659,0,0,0,0,0,0,0,0,0,0,0,0,0,394778,394778
